"Time (s)";"X (hPa)"
-5.251985417E-1;1.008618088E3
4.753804583E-1;1.008623276E3
1.475954458E0;1.008618088E3
2.476535458E0;1.008616180E3
3.477110458E0;1.008589249E3
4.477686458E0;1.008578415E3
5.028635458E0;1.008565521E3
6.029215458E0;1.008564682E3
7.029792458E0;1.008556442E3
8.030366458E0;1.008554535E3
9.030948458E0;1.008554535E3
1.003152146E1;1.008559494E3
1.103209346E1;1.008567352E3
1.203267046E1;1.008590012E3
1.303324646E1;1.008609085E3
1.403382446E1;1.008621140E3
1.503440246E1;1.008622055E3
1.603497946E1;1.008622055E3
1.703555446E1;1.008605957E3
1.803613346E1;1.008605652E3
1.903670746E1;1.008600235E3
2.003769846E1;1.008591614E3
2.103786246E1;1.008591614E3
2.203844246E1;1.008584442E3
2.303901446E1;1.008582077E3
2.403959246E1;1.008582077E3
2.504016346E1;1.008588943E3
2.604074546E1;1.008612518E3
2.704131846E1;1.008619537E3
2.804189046E1;1.008639679E3
2.904246746E1;1.008639679E3
3.004304946E1;1.008624802E3
3.104362746E1;1.008601151E3
3.204420346E1;1.008565598E3
3.304477546E1;1.008537369E3
3.404535346E1;1.008528366E3
3.504592846E1;1.008528290E3
3.604650546E1;1.008528366E3
3.704708146E1;1.008541107E3
3.804766146E1;1.008548889E3
3.904823946E1;1.008548889E3
4.004881746E1;1.008539200E3
4.104939346E1;1.008539200E3
4.204997046E1;1.008538742E3
4.305054446E1;1.008539658E3
4.405112146E1;1.008539658E3
4.505169446E1;1.008554611E3
4.605266846E1;1.008554611E3
4.705285146E1;1.008538513E3
4.805342646E1;1.008538513E3
4.905400146E1;1.008548431E3
5.005458446E1;1.008549576E3
5.105515646E1;1.008556366E3
5.205573446E1;1.008580475E3
5.305631546E1;1.008589401E3
5.405688846E1;1.008592911E3
5.505746346E1;1.008602142E3
5.605804646E1;1.008628387E3
5.705861846E1;1.008641129E3
5.805919546E1;1.008653641E3
5.905976846E1;1.008653641E3
6.006034446E1;1.008649979E3
6.106092446E1;1.008621979E3
6.206150046E1;1.008594589E3
6.306208146E1;1.008573837E3
6.406265746E1;1.008556442E3
6.506322746E1;1.008546600E3
6.606380546E1;1.008541794E3
6.706438646E1;1.008538513E3
6.806495846E1;1.008534088E3
6.906553846E1;1.008531265E3
7.006611346E1;1.008534088E3
7.106668746E1;1.008537064E3
7.206726346E1;1.008542175E3
7.306784546E1;1.008552933E3
7.406841346E1;1.008561935E3
7.506898946E1;1.008568878E3
7.606956946E1;1.008572388E3
7.707014446E1;1.008572388E3
7.807098746E1;1.008571014E3
7.907130146E1;1.008564529E3
8.007187546E1;1.008563309E3
8.107245146E1;1.008553162E3
8.207302946E1;1.008529282E3
8.307360446E1;1.008513412E3
8.407418046E1;1.008496170E3
8.507476046E1;1.008463593E3
8.607533346E1;1.008444672E3
8.707591646E1;1.008436279E3
8.807648646E1;1.008435822E3
8.907706746E1;1.008433151E3
9.007763946E1;1.008433151E3
9.107822146E1;1.008442535E3
9.207879246E1;1.008446884E3
9.307937146E1;1.008454971E3
9.407995446E1;1.008460617E3
9.508052746E1;1.008466034E3
9.608110646E1;1.008473663E3
9.708167946E1;1.008511200E3
9.808225446E1;1.008515320E3
9.908282946E1;1.008546219E3
1.000834065E2;1.008570175E3
1.010839805E2;1.008589630E3
1.020845565E2;1.008592529E3
1.030851385E2;1.008589630E3
1.040857135E2;1.008589554E3
1.050862885E2;1.008588181E3
1.060868655E2;1.008585968E3
1.070874415E2;1.008576584E3
1.080880205E2;1.008570023E3
1.090885935E2;1.008569717E3
1.100891735E2;1.008563614E3
1.110897475E2;1.008553467E3
1.120903315E2;1.008549881E3
1.130909005E2;1.008549881E3
1.140914745E2;1.008542252E3
1.150920545E2;1.008540726E3
1.160926315E2;1.008540726E3
1.170932085E2;1.008551483E3
1.180937855E2;1.008585739E3
1.190943645E2;1.008617859E3
1.200949405E2;1.008629837E3
1.210955155E2;1.008643036E3
1.220960885E2;1.008643036E3
1.230966635E2;1.008637390E3
1.240972455E2;1.008629532E3
1.250978165E2;1.008625717E3
1.260983925E2;1.008619385E3
1.270989715E2;1.008610535E3
1.280995515E2;1.008595581E3
1.291001235E2;1.008572998E3
1.301007035E2;1.008564301E3
1.311012815E2;1.008563232E3
1.321018545E2;1.008551178E3
1.331024345E2;1.008539734E3
1.341030095E2;1.008534470E3
1.351035845E2;1.008524017E3
1.361041605E2;1.008511353E3
1.371047375E2;1.008501053E3
1.381053095E2;1.008498993E3
1.391059205E2;1.008501053E3
1.401064695E2;1.008517532E3
1.411070455E2;1.008532028E3
1.421076135E2;1.008559875E3
1.431081975E2;1.008571777E3
1.441087725E2;1.008571777E3
1.451093495E2;1.008568954E3
1.461099195E2;1.008553238E3
1.471105005E2;1.008522491E3
1.481110775E2;1.008491669E3
1.491116515E2;1.008466797E3
1.501122295E2;1.008463974E3
1.511128035E2;1.008463974E3
1.521133845E2;1.008468094E3
1.531139565E2;1.008468094E3
1.541145365E2;1.008464508E3
1.551151135E2;1.008459625E3
1.561156935E2;1.008455048E3
1.571162625E2;1.008446121E3
1.581171245E2;1.008446121E3
1.591174195E2;1.008445511E3
1.601179975E2;1.008447876E3
1.611185705E2;1.008451385E3
1.621191445E2;1.008456879E3
1.631197195E2;1.008463058E3
1.641202965E2;1.008468246E3
1.651208815E2;1.008468246E3
1.661214505E2;1.008468704E3
1.671220285E2;1.008468704E3
1.681226065E2;1.008438034E3
1.691231815E2;1.008437729E3
1.701237605E2;1.008437729E3
1.711245335E2;1.008453598E3
1.721249085E2;1.008456726E3
1.731254905E2;1.008490219E3
1.741260645E2;1.008517532E3
1.751266445E2;1.008532486E3
1.761272165E2;1.008540802E3
1.771277965E2;1.008562775E3
1.781283715E2;1.008583755E3
1.791289495E2;1.008592453E3
1.801295245E2;1.008592834E3
1.811301015E2;1.008592453E3
1.821306785E2;1.008592834E3
1.831312525E2;1.008596115E3
1.841318275E2;1.008602295E3
1.851324075E2;1.008608322E3
1.861329825E2;1.008613510E3
1.871335615E2;1.008608322E3
1.881341305E2;1.008606033E3
1.891347155E2;1.008572464E3
1.901352905E2;1.008572464E3
1.911358625E2;1.008568344E3
1.921364365E2;1.008566895E3
1.931370165E2;1.008562164E3
1.941375945E2;1.008547668E3
1.951381695E2;1.008547668E3
1.961387425E2;1.008527451E3
1.971393225E2;1.008513107E3
1.981399015E2;1.008509140E3
1.991404765E2;1.008499756E3
2.001412065E2;1.008493576E3
2.011416285E2;1.008489761E3
2.021421995E2;1.008482132E3
2.031427785E2;1.008477249E3
2.041433555E2;1.008473663E3
2.051439325E2;1.008473358E3
2.061445065E2;1.008471985E3
2.071450855E2;1.008470764E3
2.081459305E2;1.008470764E3
2.091462425E2;1.008476562E3
2.101468135E2;1.008491669E3
2.111473945E2;1.008511429E3
2.121479675E2;1.008533401E3
2.131485475E2;1.008567352E3
2.141491205E2;1.008597336E3
2.151496955E2;1.008618393E3
2.161503765E2;1.008633575E3
2.171508495E2;1.008637009E3
2.181514245E2;1.008637009E3
2.191520025E2;1.008612442E3
2.201525765E2;1.008586655E3
2.211531545E2;1.008580093E3
2.221537325E2;1.008580093E3
2.231543115E2;1.008588791E3
2.241548865E2;1.008596420E3
2.251554625E2;1.008616409E3
2.261560415E2;1.008627243E3
2.271566175E2;1.008637466E3
2.281571875E2;1.008642044E3
2.291577685E2;1.008661804E3
2.301583465E2;1.008671494E3
2.311589215E2;1.008671494E3
2.321595945E2;1.008667526E3
2.331600725E2;1.008660736E3
2.341606525E2;1.008653870E3
2.351612255E2;1.008652954E3
2.361618065E2;1.008642044E3
2.371623825E2;1.008619766E3
2.381629625E2;1.008594284E3
2.391635345E2;1.008563461E3
2.401641045E2;1.008513947E3
2.411646845E2;1.008480148E3
2.421652605E2;1.008471909E3
2.431658355E2;1.008455353E3
2.441664105E2;1.008447113E3
2.451669925E2;1.008444214E3
2.461675645E2;1.008444138E3
2.471681455E2;1.008438110E3
2.481687165E2;1.008432693E3
2.491693005E2;1.008421478E3
2.501698775E2;1.008419113E3
2.511704475E2;1.008419113E3
2.521710255E2;1.008428650E3
2.531716065E2;1.008433380E3
2.541721825E2;1.008428650E3
2.551727535E2;1.008426056E3
2.561733295E2;1.008416519E3
2.571739065E2;1.008373566E3
2.581744835E2;1.008373566E3
2.591750585E2;1.008375702E3
2.601756345E2;1.008396149E3
2.611762115E2;1.008419113E3
2.621767875E2;1.008472748E3
2.631773675E2;1.008475952E3
2.641779485E2;1.008484955E3
2.651785215E2;1.008484955E3
2.661790925E2;1.008477173E3
2.671796685E2;1.008477173E3
2.681802465E2;1.008480453E3
2.691808295E2;1.008480835E3
2.701813995E2;1.008504944E3
2.711819805E2;1.008520737E3
2.721825525E2;1.008525314E3
2.731831285E2;1.008541565E3
2.741837035E2;1.008547745E3
2.751842835E2;1.008547745E3
2.761848635E2;1.008538971E3
2.771854325E2;1.008537674E3
2.781863775E2;1.008534851E3
2.791865895E2;1.008534851E3
2.801871675E2;1.008548126E3
2.811877445E2;1.008557968E3
2.821883165E2;1.008566437E3
2.831888915E2;1.008586807E3
2.841894655E2;1.008601608E3
2.851900475E2;1.008605576E3
2.861906215E2;1.008623886E3
2.871911985E2;1.008655167E3
2.881917755E2;1.008668900E3
2.891923505E2;1.008685913E3
2.901929235E2;1.008697586E3
2.911935055E2;1.008697586E3
2.921940845E2;1.008680496E3
2.931946565E2;1.008664932E3
2.941952345E2;1.008653336E3
2.951958105E2;1.008653336E3
2.961963825E2;1.008670502E3
2.971969595E2;1.008686676E3
2.981975435E2;1.008710251E3
2.991981165E2;1.008733597E3
3.001986945E2;1.008746567E3
3.011992685E2;1.008762741E3
3.021998465E2;1.008795242E3
3.032004205E2;1.008820114E3
3.042009975E2;1.008820114E3
3.052019365E2;1.008812027E3
3.062021535E2;1.008775024E3
3.072027325E2;1.008722000E3
3.082032995E2;1.008661880E3
3.092038875E2;1.008624191E3
3.102044555E2;1.008593445E3
3.112050325E2;1.008580933E3
3.122056135E2;1.008580933E3
3.132061895E2;1.008602676E3
3.142067675E2;1.008625946E3
3.152073405E2;1.008635178E3
3.162079145E2;1.008635178E3
3.172084895E2;1.008623886E3
3.182090655E2;1.008613434E3
3.192096475E2;1.008613434E3
3.202102255E2;1.008627014E3
3.212107965E2;1.008657684E3
3.222113725E2;1.008685989E3
3.232119535E2;1.008699951E3
3.242125235E2;1.008699951E3
3.252131035E2;1.008688812E3
3.262136805E2;1.008686295E3
3.272142565E2;1.008667831E3
3.282148375E2;1.008649445E3
3.292154105E2;1.008644485E3
3.302159875E2;1.008635406E3
3.312165625E2;1.008633804E3
3.322171375E2;1.008630219E3
3.332177165E2;1.008633041E3
3.342182905E2;1.008633041E3
3.352188645E2;1.008637466E3
3.362194405E2;1.008638153E3
3.372201065E2;1.008638153E3
3.382205915E2;1.008639374E3
3.392211705E2;1.008639374E3
3.402217465E2;1.008618240E3
3.412223285E2;1.008615189E3
3.422229035E2;1.008615189E3
3.432234825E2;1.008603745E3
3.442240575E2;1.008603745E3
3.452246305E2;1.008615265E3
3.462252065E2;1.008646851E3
3.472257835E2;1.008646851E3
3.482266325E2;1.008671646E3
3.492269375E2;1.008706894E3
3.502275115E2;1.008734894E3
3.512280925E2;1.008761826E3
3.522286695E2;1.008777313E3
3.532292415E2;1.008827896E3
3.542298215E2;1.008831024E3
3.552303945E2;1.008859787E3
3.562309735E2;1.008883743E3
3.572315535E2;1.008919678E3
3.582321255E2;1.008932495E3
3.592326995E2;1.008955612E3
3.602332775E2;1.008956985E3
3.612338525E2;1.008965378E3
3.622344315E2;1.008965683E3
3.632350055E2;1.008981781E3
3.642356625E2;1.009000931E3
3.652361555E2;1.009026108E3
3.662367385E2;1.009026108E3
3.672373085E2;1.009022064E3
3.682378875E2;1.009019394E3
3.692384655E2;1.009009323E3
3.702390435E2;1.008985748E3
3.712396175E2;1.008985748E3
3.722401955E2;1.008982697E3
3.732407745E2;1.008969345E3
3.742413455E2;1.008969345E3
3.752423055E2;1.008984833E3
3.762425035E2;1.008990860E3
3.772430745E2;1.008990860E3
3.782436505E2;1.008990860E3
3.792442275E2;1.008996811E3
3.802448065E2;1.009014053E3
3.812453815E2;1.009030075E3
3.822459585E2;1.009049072E3
3.832465365E2;1.009079590E3
3.842471095E2;1.009079590E3
3.852476895E2;1.009064026E3
3.862483045E2;1.009036865E3
3.872488425E2;1.009026947E3
3.882494135E2;1.009026947E3
3.892499945E2;1.009027252E3
3.902505695E2;1.009032822E3
3.912511465E2;1.009039230E3
3.922517215E2;1.009050598E3
3.932523025E2;1.009075699E3
3.942528785E2;1.009077225E3
3.952534505E2;1.009082870E3
3.962540305E2;1.009077225E3
3.972546055E2;1.009066238E3
3.982551815E2;1.009028244E3
3.992557595E2;1.009003906E3
4.002563375E2;1.008998489E3
4.012569125E2;1.008965912E3
4.022574865E2;1.008941269E3
4.032580635E2;1.008926163E3
4.042586425E2;1.008900604E3
4.052592135E2;1.008870773E3
4.062597915E2;1.008868561E3
4.072603665E2;1.008861847E3
4.082609445E2;1.008858719E3
4.092615185E2;1.008857727E3
4.102620975E2;1.008857727E3
4.112626755E2;1.008857727E3
4.122632495E2;1.008857193E3
4.132638255E2;1.008836594E3
4.142644055E2;1.008826447E3
4.152649815E2;1.008811569E3
4.162655575E2;1.008804855E3
4.172661335E2;1.008804855E3
4.182667095E2;1.008832092E3
4.192672835E2;1.008853607E3
4.202678645E2;1.008866043E3
4.212684425E2;1.008886185E3
4.222690135E2;1.008897629E3
4.232695885E2;1.008897629E3
4.242701675E2;1.008897629E3
4.252707475E2;1.008914108E3
4.262713195E2;1.008936768E3
4.272718995E2;1.008964691E3
4.282724795E2;1.008964691E3
4.292730505E2;1.008960876E3
4.302736225E2;1.008951721E3
4.312742025E2;1.008941574E3
4.322747755E2;1.008924789E3
4.332753525E2;1.008924789E3
4.342759305E2;1.008981857E3
4.352765105E2;1.008989563E3
4.362770875E2;1.008985519E3
4.372776575E2;1.008990707E3
4.382782435E2;1.008985519E3
4.392788155E2;1.008956833E3
4.402793915E2;1.008947067E3
4.412799665E2;1.008948669E3
4.422805415E2;1.008938065E3
4.432811185E2;1.008924103E3
4.442816985E2;1.008921814E3
4.452822735E2;1.008921814E3
4.462828485E2;1.008922348E3
4.472834285E2;1.008931351E3
4.482839985E2;1.008933487E3
4.492848395E2;1.008931351E3
4.502851535E2;1.008927231E3
4.512857315E2;1.008920059E3
4.522863095E2;1.008914261E3
4.532868835E2;1.008914261E3
4.542874615E2;1.008919525E3
4.552880345E2;1.008927307E3
4.562886145E2;1.008929825E3
4.572891875E2;1.008957901E3
4.582897725E2;1.008985672E3
4.592903405E2;1.009044952E3
4.602909185E2;1.009111099E3
4.612914955E2;1.009172974E3
4.622920715E2;1.009172974E3
4.632926485E2;1.009150009E3
4.642932265E2;1.009095001E3
4.652937995E2;1.009034119E3
4.662943765E2;1.008976669E3
4.672949515E2;1.008976669E3
4.682955245E2;1.008977203E3
4.692961055E2;1.008982010E3
4.702966835E2;1.008997955E3
4.712972605E2;1.009008713E3
4.722978355E2;1.009008713E3
4.732984075E2;1.008993607E3
4.742989835E2;1.008979721E3
4.752995645E2;1.008965225E3
4.763001375E2;1.008939209E3
4.773007155E2;1.008927231E3
4.783012895E2;1.008921814E3
4.793021105E2;1.008917694E3
4.803024405E2;1.008896408E3
4.813030195E2;1.008885040E3
4.823035945E2;1.008865356E3
4.833041755E2;1.008843536E3
4.843047535E2;1.008824921E3
4.853053255E2;1.008822250E3
4.863059025E2;1.008819885E3
4.873064785E2;1.008816681E3
4.883070625E2;1.008808746E3
4.893076295E2;1.008808746E3
4.903084165E2;1.008815536E3
4.913087845E2;1.008819199E3
4.923093635E2;1.008831100E3
4.933099355E2;1.008847122E3
4.943105155E2;1.008849792E3
4.953110895E2;1.008849945E3
4.963116685E2;1.008855286E3
4.973122515E2;1.008867493E3
4.983128195E2;1.008889694E3
4.993133935E2;1.008926620E3
5.003139745E2;1.008960495E3
5.013149545E2;1.008988419E3
5.023151255E2;1.009011230E3
5.033157065E2;1.009024200E3
5.043162795E2;1.009024658E3
5.053168565E2;1.009024658E3
5.063174355E2;1.009024658E3
5.073180065E2;1.009024658E3
5.083185815E2;1.009026871E3
5.093191625E2;1.009026871E3
5.103197445E2;1.009025116E3
5.113203125E2;1.009022369E3
5.123208855E2;1.009020691E3
5.133214685E2;1.009020691E3
5.143220435E2;1.009022293E3
5.153226195E2;1.009027176E3
5.163231935E2;1.009034882E3
5.173237735E2;1.009042892E3
5.183243525E2;1.009048233E3
5.193249275E2;1.009051819E3
5.203254985E2;1.009054642E3
5.213260765E2;1.009054718E3
5.223266525E2;1.009062805E3
5.233272295E2;1.009086456E3
5.243278125E2;1.009104233E3
5.253283845E2;1.009104233E3
5.263289615E2;1.009093170E3
5.273295355E2;1.009064178E3
5.283301115E2;1.009021530E3
5.293306895E2;1.008994293E3
5.303312665E2;1.008981323E3
5.313321145E2;1.008952560E3
5.323324195E2;1.008952560E3
5.333329985E2;1.008952560E3
5.343335725E2;1.008939896E3
5.353341485E2;1.008928986E3
5.363347195E2;1.008928986E3
5.373353025E2;1.008934784E3
5.383358765E2;1.008937607E3
5.393364515E2;1.009016876E3
5.403370295E2;1.009030685E3
5.413376035E2;1.009086838E3
5.423384585E2;1.009105606E3
5.433387625E2;1.009105606E3
5.443393375E2;1.009124756E3
5.453399175E2;1.009108505E3
5.463404905E2;1.009118805E3
5.473410655E2;1.009118805E3
5.483416395E2;1.009118805E3
5.493422175E2;1.009116516E3
5.503427945E2;1.009087067E3
5.513433675E2;1.009065781E3
5.523439455E2;1.009042358E3
5.533445215E2;1.009019852E3
5.543451025E2;1.008999786E3
5.553456755E2;1.008999786E3
5.563462515E2;1.009015732E3
5.573468285E2;1.009032593E3
5.583474045E2;1.009047165E3
5.593479785E2;1.009070969E3
5.603485605E2;1.009095612E3
5.613491355E2;1.009098511E3
5.623497085E2;1.009100189E3
5.633502895E2;1.009112091E3
5.643508645E2;1.009118500E3
5.653514395E2;1.009125061E3
5.663520165E2;1.009127045E3
5.673526045E2;1.009132156E3
5.683531705E2;1.009132156E3
5.693537465E2;1.009130859E3
5.703543205E2;1.009124832E3
5.713549005E2;1.009118958E3
5.723554725E2;1.009114380E3
5.733560535E2;1.009114380E3
5.743566325E2;1.009117126E3
5.753572085E2;1.009122391E3
5.763577845E2;1.009122391E3
5.773583585E2;1.009111710E3
5.783589395E2;1.009093170E3
5.793595095E2;1.009072189E3
5.803600835E2;1.009045105E3
5.813610625E2;1.009019165E3
5.823612435E2;1.009012451E3
5.833618165E2;1.009004745E3
5.843623915E2;1.008997650E3
5.853629705E2;1.008996658E3
5.863635475E2;1.008996658E3
5.873641225E2;1.009002228E3
5.883646955E2;1.009007034E3
5.893652705E2;1.009016342E3
5.903658545E2;1.009031448E3
5.913664275E2;1.009047012E3
5.923670035E2;1.009062195E3
5.933675795E2;1.009077988E3
5.943681555E2;1.009094238E3
5.953687275E2;1.009108658E3
5.963693055E2;1.009118729E3
5.973698905E2;1.009126434E3
5.983704595E2;1.009129791E3
5.993710465E2;1.009133453E3
6.003716165E2;1.009135208E3
6.013721895E2;1.009139328E3
6.023727655E2;1.009140167E3
6.033733515E2;1.009144440E3
6.043739205E2;1.009145432E3
6.053745005E2;1.009144440E3
6.063750725E2;1.009142456E3
6.073756465E2;1.009139786E3
6.083762285E2;1.009133148E3
6.093767995E2;1.009132233E3
6.103773835E2;1.009123764E3
6.113779585E2;1.009114838E3
6.123785345E2;1.009104767E3
6.133791115E2;1.009098434E3
6.143796845E2;1.009095078E3
6.153802645E2;1.009095078E3
6.163808375E2;1.009103699E3
6.173814075E2;1.009117966E3
6.183819885E2;1.009139481E3
6.193825655E2;1.009164429E3
6.203831425E2;1.009188232E3
6.213837195E2;1.009206619E3
6.223845825E2;1.009215240E3
6.233848725E2;1.009215240E3
6.243854455E2;1.009208679E3
6.253860235E2;1.009187775E3
6.263865995E2;1.009166031E3
6.273871765E2;1.009148941E3
6.283877605E2;1.009120941E3
6.293883325E2;1.009085541E3
6.303889045E2;1.009072571E3
6.313894845E2;1.009064331E3
6.323900575E2;1.009034195E3
6.333907625E2;1.009034195E3
6.343912135E2;1.009028549E3
6.353917875E2;1.009028549E3
6.363923635E2;1.009028549E3
6.373929385E2;1.009030762E3
6.383935195E2;1.009042587E3
6.393940915E2;1.009048767E3
6.403946685E2;1.009049454E3
6.413952475E2;1.009061356E3
6.423958195E2;1.009079742E3
6.433963995E2;1.009102173E3
6.443969775E2;1.009116745E3
6.453975515E2;1.009116745E3
6.463981315E2;1.009110489E3
6.473987045E2;1.009090500E3
6.483992805E2;1.009066315E3
6.493998585E2;1.009053879E3
6.504004315E2;1.009053879E3
6.514010095E2;1.009064865E3
6.524015885E2;1.009083557E3
6.534021635E2;1.009096069E3
6.544027435E2;1.009102936E3
6.554033145E2;1.009104614E3
6.564038885E2;1.009104614E3
6.574044675E2;1.009102707E3
6.584050445E2;1.009096451E3
6.594056175E2;1.009084854E3
6.604061975E2;1.009071808E3
6.614067715E2;1.009056091E3
6.624073485E2;1.009037094E3
6.634079295E2;1.009017105E3
6.644085045E2;1.009001846E3
6.654090815E2;1.008989334E3
6.664096525E2;1.008984146E3
6.674102355E2;1.008984146E3
6.684108065E2;1.008986511E3
6.694113855E2;1.008991928E3
6.704119595E2;1.008997040E3
6.714125435E2;1.009006653E3
6.724133195E2;1.009017029E3
6.734136915E2;1.009022675E3
6.744142665E2;1.009031754E3
6.754148475E2;1.009045944E3
6.764154215E2;1.009051819E3
6.774159945E2;1.009051819E3
6.784165705E2;1.009051437E3
6.794171525E2;1.009049911E3
6.804177285E2;1.009049911E3
6.814182985E2;1.009051590E3
6.824188775E2;1.009058304E3
6.834194575E2;1.009066620E3
6.844200305E2;1.009073563E3
6.854206065E2;1.009073563E3
6.864211825E2;1.009070969E3
6.874217595E2;1.009067688E3
6.884223345E2;1.009062958E3
6.894231425E2;1.009061050E3
6.904234845E2;1.009060364E3
6.914240645E2;1.009056396E3
6.924246405E2;1.009051514E3
6.934252225E2;1.009051514E3
6.944257905E2;1.009055405E3
6.954263665E2;1.009056549E3
6.964269465E2;1.009067688E3
6.974275215E2;1.009082031E3
6.984280935E2;1.009118423E3
6.994286775E2;1.009151611E3
7.004292565E2;1.009174194E3
7.014298255E2;1.009205475E3
7.024304025E2;1.009216080E3
7.034309815E2;1.009216080E3
7.044315535E2;1.009203262E3
7.054321305E2;1.009196701E3
7.064330955E2;1.009188538E3
7.074332815E2;1.009182434E3
7.084338625E2;1.009156647E3
7.094344355E2;1.009121323E3
7.104350155E2;1.009087524E3
7.114355945E2;1.009059753E3
7.124361685E2;1.009012756E3
7.134367465E2;1.008969650E3
7.144373225E2;1.008955536E3
7.154379005E2;1.008954010E3
7.164384735E2;1.008955536E3
7.174392345E2;1.008947906E3
7.184396275E2;1.008949356E3
7.194401995E2;1.008947906E3
7.204407785E2;1.008932419E3
7.214413565E2;1.008906479E3
7.224419315E2;1.008862686E3
7.234425115E2;1.008846359E3
7.244430835E2;1.008822098E3
7.254436635E2;1.008801956E3
7.264442395E2;1.008775558E3
7.274448205E2;1.008766251E3
7.284453865E2;1.008755569E3
7.294459695E2;1.008743591E3
7.304465415E2;1.008698502E3
7.314471205E2;1.008665619E3
7.324476925E2;1.008629761E3
7.334482715E2;1.008573074E3
7.344488455E2;1.008502808E3
7.354494205E2;1.008457489E3
7.364499995E2;1.008457489E3
7.374505735E2;1.008472137E3
7.384511525E2;1.008474884E3
7.394517275E2;1.008497086E3
7.404523025E2;1.008513718E3
7.414528855E2;1.008528442E3
7.424537125E2;1.008538589E3
7.434540365E2;1.008592072E3
7.444546125E2;1.008668671E3
7.454551865E2;1.008737488E3
7.464557665E2;1.008816376E3
7.474563365E2;1.008855743E3
7.484569135E2;1.008878403E3
7.494574915E2;1.008911209E3
7.504580665E2;1.008926392E3
7.514586475E2;1.008950424E3
7.524592295E2;1.008982468E3
7.534597955E2;1.009015350E3
7.544603725E2;1.009039764E3
7.554609505E2;1.009057083E3
7.564615285E2;1.009057083E3
7.574621055E2;1.009056549E3
7.584626825E2;1.009049683E3
7.594632515E2;1.009017792E3
7.604638285E2;1.009017792E3
7.614644055E2;1.009022980E3
7.624649845E2;1.009025497E3
7.634655585E2;1.009025497E3
7.644661375E2;1.009040146E3
7.654667155E2;1.009040146E3
7.664672895E2;1.009045792E3
7.674678625E2;1.009048615E3
7.684684455E2;1.009071655E3
7.694690255E2;1.009076157E3
7.704696005E2;1.009081421E3
7.714701755E2;1.009089203E3
7.724707475E2;1.009093628E3
7.734713275E2;1.009095459E3
7.744718985E2;1.009123001E3
7.754724795E2;1.009141388E3
7.764730565E2;1.009166870E3
7.774736375E2;1.009176636E3
7.784742065E2;1.009176636E3
7.794747815E2;1.009162216E3
7.804753575E2;1.009158859E3
7.814759325E2;1.009162216E3
7.824765155E2;1.009165649E3
7.834770905E2;1.009183884E3
7.844780705E2;1.009204178E3
7.854782425E2;1.009207840E3
7.864788225E2;1.009228973E3
7.874793955E2;1.009247971E3
7.884799725E2;1.009272079E3
7.894805505E2;1.009285049E3
7.904811255E2;1.009292221E3
7.914817005E2;1.009292221E3
7.924822785E2;1.009288788E3
7.934828505E2;1.009254379E3
7.944834265E2;1.009239655E3
7.954841165E2;1.009217453E3
7.964845805E2;1.009202423E3
7.974851645E2;1.009177246E3
7.984857335E2;1.009147797E3
7.994863135E2;1.009095688E3
8.004868835E2;1.009052048E3
8.014874665E2;1.009005280E3
8.024880405E2;1.008964691E3
8.034886125E2;1.008959732E3
8.044891955E2;1.008959732E3
8.054897695E2;1.008967743E3
8.064903455E2;1.008976593E3
8.074909215E2;1.008980484E3
8.084915005E2;1.008987808E3
8.094925585E2;1.009006958E3
8.104926535E2;1.009036179E3
8.114932305E2;1.009079132E3
8.124938025E2;1.009145889E3
8.134943835E2;1.009194641E3
8.144949615E2;1.009225006E3
8.154955355E2;1.009243469E3
8.164961105E2;1.009243469E3
8.174966895E2;1.009232635E3
8.184972615E2;1.009231949E3
8.194978395E2;1.009231186E3
8.204984115E2;1.009229584E3
8.214989905E2;1.009227295E3
8.224995685E2;1.009219513E3
8.235001515E2;1.009163513E3
8.245007195E2;1.009107056E3
8.255013015E2;1.009047623E3
8.265018725E2;1.008986053E3
8.275024525E2;1.008936539E3
8.285030255E2;1.008936539E3
8.295036045E2;1.008943634E3
8.305041835E2;1.008948746E3
8.315047575E2;1.008972092E3
8.325053335E2;1.008974457E3
8.335059075E2;1.008974457E3
8.345065875E2;1.008967514E3
8.355070605E2;1.008964539E3
8.365076385E2;1.008962708E3
8.375082135E2;1.008949356E3
8.385087895E2;1.008949356E3
8.395093665E2;1.008970337E3
8.405099445E2;1.009018631E3
8.415105195E2;1.009060822E3
8.425110965E2;1.009123154E3
8.435116755E2;1.009159622E3
8.445122515E2;1.009169540E3
8.455128285E2;1.009169540E3
8.465134045E2;1.009164581E3
8.475139845E2;1.009164581E3
8.485145555E2;1.009163742E3
8.495151365E2;1.009155502E3
8.505157055E2;1.009155502E3
8.515162835E2;1.009158630E3
8.525168615E2;1.009158630E3
8.535174405E2;1.009158936E3
8.545180105E2;1.009158936E3
8.555185925E2;1.009158936E3
8.565191715E2;1.009156647E3
8.575197415E2;1.009144287E3
8.585203155E2;1.009111938E3
8.595208935E2;1.009083710E3
8.605214775E2;1.009052887E3
8.615220475E2;1.009023819E3
8.625230575E2;1.008982391E3
8.635232045E2;1.008982391E3
8.645237785E2;1.008982391E3
8.655243575E2;1.008978882E3
8.665249285E2;1.008971863E3
8.675255065E2;1.008971863E3
8.685260835E2;1.008960037E3
8.695266625E2;1.008960037E3
8.705272395E2;1.008973236E3
8.715278125E2;1.008984451E3
8.725283915E2;1.009021454E3
8.735289635E2;1.009064178E3
8.745295425E2;1.009080658E3
8.755301235E2;1.009100113E3
8.765307085E2;1.009121857E3
8.775312715E2;1.009126740E3
8.785318485E2;1.009128494E3
8.795324235E2;1.009141006E3
8.805330005E2;1.009141006E3
8.815335775E2;1.009121933E3
8.825341545E2;1.009064560E3
8.835347295E2;1.009011841E3
8.845353085E2;1.008968658E3
8.855358815E2;1.008944702E3
8.865364625E2;1.008944702E3
8.875370375E2;1.008950272E3
8.885376095E2;1.008961105E3
8.895381845E2;1.008961105E3
8.905387635E2;1.008937683E3
8.915393415E2;1.008919678E3
8.925399155E2;1.008892975E3
8.935404955E2;1.008880081E3
8.945410655E2;1.008880081E3
8.955416435E2;1.008895264E3
8.965422215E2;1.008942871E3
8.975428045E2;1.008985138E3
8.985433735E2;1.009002075E3
8.995439565E2;1.009015579E3
9.005445315E2;1.009015579E3
9.015451035E2;1.008998260E3
9.025456885E2;1.008963318E3
9.035462575E2;1.008961792E3
9.045468315E2;1.008961792E3
9.055474075E2;1.008974152E3
9.065479875E2;1.008984375E3
9.075490265E2;1.009004211E3
9.085491355E2;1.009004211E3
9.095497165E2;1.009003754E3
9.105502905E2;1.009003754E3
9.115508655E2;1.008997955E3
9.125514405E2;1.008997955E3
9.135520215E2;1.008989944E3
9.145526035E2;1.008971558E3
9.155531735E2;1.008961487E3
9.165537505E2;1.008961487E3
9.175543295E2;1.008964233E3
9.185549515E2;1.008995819E3
9.195554805E2;1.009032745E3
9.205560535E2;1.009045715E3
9.215566305E2;1.009078064E3
9.225572055E2;1.009086151E3
9.235577825E2;1.009086151E3
9.245583625E2;1.009047928E3
9.255589365E2;1.009047775E3
9.265595145E2;1.008994217E3
9.275600855E2;1.008974686E3
9.285606635E2;1.008974686E3
9.295612375E2;1.008983917E3
9.305618185E2;1.009013901E3
9.315623895E2;1.009065399E3
9.325634185E2;1.009088287E3
9.335635455E2;1.009088287E3
9.345641225E2;1.009113007E3
9.355646985E2;1.009113007E3
9.365652735E2;1.009104004E3
9.375658515E2;1.009078979E3
9.385664315E2;1.009078979E3
9.395670025E2;1.009014282E3
9.405675815E2;1.009013748E3
9.415681595E2;1.008983002E3
9.425687295E2;1.008950119E3
9.435696485E2;1.008910294E3
9.445698845E2;1.008910294E3
9.455704605E2;1.008925629E3
9.465710405E2;1.008981934E3
9.475716125E2;1.009059830E3
9.485721895E2;1.009113541E3
9.495727665E2;1.009123154E3
9.505733435E2;1.009132385E3
9.515739225E2;1.009123154E3
9.525744945E2;1.009120331E3
9.535750715E2;1.009119644E3
9.545756515E2;1.009088440E3
9.555762255E2;1.009088287E3
9.565768055E2;1.009036560E3
9.575773765E2;1.008984222E3
9.585779535E2;1.008949966E3
9.595785325E2;1.008931732E3
9.605791075E2;1.008905334E3
9.615796895E2;1.008880310E3
9.625802605E2;1.008852463E3
9.635808355E2;1.008840637E3
9.645814125E2;1.008840637E3
9.655821755E2;1.008867111E3
9.665825635E2;1.008902512E3
9.675831425E2;1.008942261E3
9.685837215E2;1.008942261E3
9.695842955E2;1.008931732E3
9.705848715E2;1.008885345E3
9.715854525E2;1.008824997E3
9.725860295E2;1.008758087E3
9.735866005E2;1.008747406E3
9.745871785E2;1.008729706E3
9.755877515E2;1.008729706E3
9.765883275E2;1.008744659E3
9.775889065E2;1.008773117E3
9.785894865E2;1.008774796E3
9.795902465E2;1.008797302E3
9.805906335E2;1.008799973E3
9.815912135E2;1.008817062E3
9.825917915E2;1.008836670E3
9.835923685E2;1.008849335E3
9.845929395E2;1.008853607E3
9.855935135E2;1.008860016E3
9.865940925E2;1.008860016E3
9.875946695E2;1.008855438E3
9.885952425E2;1.008855438E3
9.895958265E2;1.008855209E3
9.905963985E2;1.008854294E3
9.915969775E2;1.008849640E3
9.925975575E2;1.008843307E3
9.935981625E2;1.008838348E3
9.945987085E2;1.008833923E3
9.955992785E2;1.008831558E3
9.965998545E2;1.008827286E3
9.976004335E2;1.008820724E3
9.986010105E2;1.008814545E3
9.996015925E2;1.008814545E3
1.000602160E3;1.008816299E3
1.001602738E3;1.008830490E3
1.002603311E3;1.008844986E3
1.003603894E3;1.008853760E3
1.004604463E3;1.008853760E3
1.005605042E3;1.008850555E3
1.006605620E3;1.008836899E3
1.007606196E3;1.008836899E3
1.008606769E3;1.008838272E3
1.009607346E3;1.008845291E3
1.010608167E3;1.008858490E3
1.011608505E3;1.008864288E3
1.012609079E3;1.008864288E3
1.013609659E3;1.008855743E3
1.014610230E3;1.008848495E3
1.015610809E3;1.008848495E3
1.016611388E3;1.008850861E3
1.017611962E3;1.008861160E3
1.018612539E3;1.008872147E3
1.019613113E3;1.008877716E3
1.020613689E3;1.008883514E3
1.021614360E3;1.008886032E3
1.022614846E3;1.008886032E3
1.023615418E3;1.008885498E3
1.024615997E3;1.008881912E3
1.025616569E3;1.008868637E3
1.026617148E3;1.008855133E3
1.027617723E3;1.008855133E3
1.028618301E3;1.008855591E3
1.029618877E3;1.008882446E3
1.030619452E3;1.008920441E3
1.031620033E3;1.008945465E3
1.032620607E3;1.008947601E3
1.033621184E3;1.008947601E3
1.034621758E3;1.008925095E3
1.035622556E3;1.008867416E3
1.036622912E3;1.008822098E3
1.037623489E3;1.008779373E3
1.038624065E3;1.008744736E3
1.039624640E3;1.008724976E3
1.040625221E3;1.008724976E3
1.041625795E3;1.008731766E3
1.042626368E3;1.008736877E3
1.043626947E3;1.008747940E3
1.044627527E3;1.008747940E3
1.045628097E3;1.008716812E3
1.046628672E3;1.008691788E3
1.047629256E3;1.008664780E3
1.048629825E3;1.008641281E3
1.049630402E3;1.008619614E3
1.050630982E3;1.008603592E3
1.051631556E3;1.008593903E3
1.052632403E3;1.008593445E3
1.053632706E3;1.008593903E3
1.054633286E3;1.008598404E3
1.055633863E3;1.008600311E3
1.056634441E3;1.008606796E3
1.057635018E3;1.008610687E3
1.058635591E3;1.008610153E3
1.059636164E3;1.008613968E3
1.060636742E3;1.008620911E3
1.061637321E3;1.008621292E3
1.062637891E3;1.008621292E3
1.063638470E3;1.008623276E3
1.064639045E3;1.008645630E3
1.065639623E3;1.008648071E3
1.066640196E3;1.008653564E3
1.067640780E3;1.008653641E3
1.068641358E3;1.008656616E3
1.069642341E3;1.008656616E3
1.070642509E3;1.008656616E3
1.071643089E3;1.008658371E3
1.072643662E3;1.008673248E3
1.073644234E3;1.008675156E3
1.074644810E3;1.008697662E3
1.075645396E3;1.008711090E3
1.076645965E3;1.008729553E3
1.077646543E3;1.008752670E3
1.078647116E3;1.008769989E3
1.079647698E3;1.008788300E3
1.080648275E3;1.008803329E3
1.081648846E3;1.008817749E3
1.082649421E3;1.008817749E3
1.083650001E3;1.008809967E3
1.084650580E3;1.008799362E3
1.085651152E3;1.008799362E3
1.086651948E3;1.008802948E3
1.087652306E3;1.008824005E3
1.088652885E3;1.008856125E3
1.089653462E3;1.008887253E3
1.090654036E3;1.008903961E3
1.091654610E3;1.008909760E3
1.092655188E3;1.008909760E3
1.093655768E3;1.008898849E3
1.094656341E3;1.008887329E3
1.095656920E3;1.008877792E3
1.096657493E3;1.008873062E3
1.097658066E3;1.008873062E3
1.098658646E3;1.008884201E3
1.099659221E3;1.008900223E3
1.100659803E3;1.008919296E3
1.101660377E3;1.008937988E3
1.102660951E3;1.008952713E3
1.103661534E3;1.008959808E3
1.104662104E3;1.008964005E3
1.105662679E3;1.008976974E3
1.106663256E3;1.009002075E3
1.107663835E3;1.009020386E3
1.108664409E3;1.009037323E3
1.109664987E3;1.009037323E3
1.110665564E3;1.009022217E3
1.111666137E3;1.008969040E3
1.112666714E3;1.008923798E3
1.113667285E3;1.008886185E3
1.114667863E3;1.008815460E3
1.115668443E3;1.008813324E3
1.116669021E3;1.008812485E3
1.117669599E3;1.008803253E3
1.118670178E3;1.008803253E3
1.119670946E3;1.008791428E3
1.120671328E3;1.008791428E3
1.121671904E3;1.008790741E3
1.122672482E3;1.008790741E3
1.123673058E3;1.008792267E3
1.124673630E3;1.008795395E3
1.125674214E3;1.008808212E3
1.126674783E3;1.008808212E3
1.127675362E3;1.008816986E3
1.128675939E3;1.008832626E3
1.129676513E3;1.008840637E3
1.130677372E3;1.008874817E3
1.131677666E3;1.008894348E3
1.132678246E3;1.008921204E3
1.133678823E3;1.008923645E3
1.134679396E3;1.008950424E3
1.135679970E3;1.008950424E3
1.136680545E3;1.008934555E3
1.137681124E3;1.008887253E3
1.138681700E3;1.008887177E3
1.139682278E3;1.008875275E3
1.140682857E3;1.008853989E3
1.141683430E3;1.008853989E3
1.142684007E3;1.008853836E3
1.143684582E3;1.008850555E3
1.144685468E3;1.008830261E3
1.145685734E3;1.008778000E3
1.146686314E3;1.008766403E3
1.147686887E3;1.008759537E3
1.148687461E3;1.008742447E3
1.149688040E3;1.008742447E3
1.150688625E3;1.008775864E3
1.151689195E3;1.008797684E3
1.152689768E3;1.008811874E3
1.153690345E3;1.008814316E3
1.154690924E3;1.008814316E3
1.155691495E3;1.008801346E3
1.156692073E3;1.008774719E3
1.157692651E3;1.008772125E3
1.158693230E3;1.008765182E3
1.159693803E3;1.008758011E3
1.160694385E3;1.008752060E3
1.161694956E3;1.008747482E3
1.162695536E3;1.008734741E3
1.163696110E3;1.008734741E3
1.164696687E3;1.008745270E3
1.165697264E3;1.008766174E3
1.166697844E3;1.008802109E3
1.167698417E3;1.008826370E3
1.168698994E3;1.008861008E3
1.169699566E3;1.008861008E3
1.170700146E3;1.008863220E3
1.171700722E3;1.008863220E3
1.172701303E3;1.008908691E3
1.173701873E3;1.008924866E3
1.174702450E3;1.008963623E3
1.175703025E3;1.008983765E3
1.176703600E3;1.008983765E3
1.177704178E3;1.008966522E3
1.178704756E3;1.008944321E3
1.179705334E3;1.008937912E3
1.180705908E3;1.008931122E3
1.181706488E3;1.008884430E3
1.182707065E3;1.008841324E3
1.183707642E3;1.008819199E3
1.184708219E3;1.008783569E3
1.185708791E3;1.008759003E3
1.186709370E3;1.008759003E3
1.187709948E3;1.008830566E3
1.188710520E3;1.008849182E3
1.189711096E3;1.008871765E3
1.190711675E3;1.008872147E3
1.191712249E3;1.008872147E3
1.192712835E3;1.008814087E3
1.193713404E3;1.008778610E3
1.194713979E3;1.008743210E3
1.195714559E3;1.008720779E3
1.196715191E3;1.008720779E3
1.197715705E3;1.008739319E3
1.198716287E3;1.008739319E3
1.199716863E3;1.008784409E3
1.200717437E3;1.008819199E3
1.201718015E3;1.008859482E3
1.202718595E3;1.008866272E3
1.203719163E3;1.008910522E3
1.204719740E3;1.008932877E3
1.205720318E3;1.008953552E3
1.206720892E3;1.008960953E3
1.207721467E3;1.008987656E3
1.208722047E3;1.009007263E3
1.209722623E3;1.009025574E3
1.210723200E3;1.009048157E3
1.211723777E3;1.009070587E3
1.212724352E3;1.009091949E3
1.213725282E3;1.009113922E3
1.214725505E3;1.009116287E3
1.215726077E3;1.009116669E3
1.216726656E3;1.009117355E3
1.217727233E3;1.009117355E3
1.218727803E3;1.009117355E3
1.219728384E3;1.009118195E3
1.220728959E3;1.009123077E3
1.221729539E3;1.009130020E3
1.222730117E3;1.009135666E3
1.223730690E3;1.009140778E3
1.224731270E3;1.009149399E3
1.225731842E3;1.009159393E3
1.226732418E3;1.009164276E3
1.227733000E3;1.009167633E3
1.228733569E3;1.009169312E3
1.229734152E3;1.009171600E3
1.230734722E3;1.009172211E3
1.231735299E3;1.009185867E3
1.232735879E3;1.009189835E3
1.233736453E3;1.009189835E3
1.234737029E3;1.009178162E3
1.235737608E3;1.009158936E3
1.236738181E3;1.009130325E3
1.237738762E3;1.009097443E3
1.238739334E3;1.009077301E3
1.239739910E3;1.009061508E3
1.240740491E3;1.009039612E3
1.241741063E3;1.009027863E3
1.242741641E3;1.009018097E3
1.243742217E3;1.009014664E3
1.244742795E3;1.009013977E3
1.245743371E3;1.009005661E3
1.246743946E3;1.008959656E3
1.247744902E3;1.008947525E3
1.248745101E3;1.008915482E3
1.249745674E3;1.008894653E3
1.250746249E3;1.008894653E3
1.251746829E3;1.008896408E3
1.252747404E3;1.008903580E3
1.253747984E3;1.008932495E3
1.254748562E3;1.008951263E3
1.255749133E3;1.008984299E3
1.256749707E3;1.009010849E3
1.257750287E3;1.009050064E3
1.258750861E3;1.009074783E3
1.259751437E3;1.009127960E3
1.260752018E3;1.009154510E3
1.261752597E3;1.009167175E3
1.262753172E3;1.009167175E3
1.263753749E3;1.009166260E3
1.264754711E3;1.009117737E3
1.265754898E3;1.009097061E3
1.266755473E3;1.009086838E3
1.267756052E3;1.009075546E3
1.268756630E3;1.009075012E3
1.269757209E3;1.009056396E3
1.270757778E3;1.009041901E3
1.271758358E3;1.009021606E3
1.272758935E3;1.008971634E3
1.273759511E3;1.008925934E3
1.274760088E3;1.008902893E3
1.275761075E3;1.008888474E3
1.276761235E3;1.008888474E3
1.277761816E3;1.008909912E3
1.278762394E3;1.008945389E3
1.279762969E3;1.008970337E3
1.280763545E3;1.009027100E3
1.281764121E3;1.009030762E3
1.282764699E3;1.009040756E3
1.283765320E3;1.009055405E3
1.284765853E3;1.009055405E3
1.285766425E3;1.009059296E3
1.286767002E3;1.009049149E3
1.287767581E3;1.009049149E3
1.288768159E3;1.009017944E3
1.289768731E3;1.009017410E3
1.290769307E3;1.009014282E3
1.291769882E3;1.008989182E3
1.292770461E3;1.008989182E3
1.293771040E3;1.008989182E3
1.294771611E3;1.008989182E3
1.295772194E3;1.008989182E3
1.296772767E3;1.009001846E3
1.297773340E3;1.009026413E3
1.298773914E3;1.009042587E3
1.299774495E3;1.009063110E3
1.300775072E3;1.009070511E3
1.301775655E3;1.009088135E3
1.302776225E3;1.009102631E3
1.303776803E3;1.009124298E3
1.304777382E3;1.009151077E3
1.305777952E3;1.009182358E3
1.306778532E3;1.009182358E3
1.307779104E3;1.009180222E3
1.308779992E3;1.009170151E3
1.309780264E3;1.009152603E3
1.310780835E3;1.009144974E3
1.311781412E3;1.009112396E3
1.312781989E3;1.009085693E3
1.313782566E3;1.009066925E3
1.314783139E3;1.009038620E3
1.315783718E3;1.008999100E3
1.316784291E3;1.008999100E3
1.317784867E3;1.009016571E3
1.318785450E3;1.009027557E3
1.319786385E3;1.009058151E3
1.320786599E3;1.009084320E3
1.321787177E3;1.009107132E3
1.322787748E3;1.009122086E3
1.323788326E3;1.009136887E3